<?xml version="1.0"?>
<ruleset>
    <description>CUSTOM PHPCS</description>

    <!-- Include the whole PHPCS standard -->
    <rule ref="PSR12">
        <exclude name="PSR1.Files.SideEffects.FoundWithSymbols" />
    </rule>
    <rule ref="PSR1.Methods.CamelCapsMethodName.NotCamelCaps">
        <exclude-pattern>/tests/</exclude-pattern>
    </rule>
    <config name="installed_paths" value="../../slevomat/coding-standard"/><!-- relative path from PHPCS source location -->
    <rule ref="SlevomatCodingStandard.TypeHints.DeclareStrictTypes">
        <properties>
            <property name="spacesCountAroundEqualsSign" value="0"/>
        </properties>
    </rule>

    <rule ref="SlevomatCodingStandard.ControlStructures.RequireYodaComparison" />
    <rule ref="SlevomatCodingStandard.ControlStructures.NewWithParentheses" />
    <rule ref="SlevomatCodingStandard.Namespaces.AlphabeticallySortedUses" />
    <rule ref="SlevomatCodingStandard.Arrays.TrailingArrayComma"/>
    <rule ref="SlevomatCodingStandard.ControlStructures.NewWithParentheses" />
    <rule ref="SlevomatCodingStandard.Classes.ClassStructure">
        <exclude-pattern>/tests/</exclude-pattern>
    </rule>
    <rule ref="SlevomatCodingStandard.TypeHints.ReturnTypeHint" />
    <rule ref="SlevomatCodingStandard.Namespaces.UnusedUses">
        <type>warning</type>
        <severity>8</severity>
        <properties>
            <property name="searchAnnotations" value="true"/>
        </properties>
    </rule>


</ruleset>